Formula,Atomic Ratio_sum,Atomic Ratio_max,Atomic Ratio_min,Atomic Ratio_diff,Atomic Number_sum,Atomic Number_max,Atomic Number_min,Atomic Number_diff,Atomic Weight_sum,Atomic Weight_max,Atomic Weight_min,Atomic Weight_diff,Atomic Radius_sum,Atomic Radius_max,Atomic Radius_min,Atomic Radius_diff,EN pauling_sum,EN pauling_max,EN pauling_min,EN pauling_diff,Valence Electron_sum,Valence Electron_max,Valence Electron_min,Valence Electron_diff,Ionization Energy_sum,Ionization Energy_max,Ionization Energy_min,Ionization Energy_diff,ARW_Atomic Number_sum,ARW_Atomic Number_max,ARW_Atomic Number_min,ARW_Atomic Number_diff,ARW_Atomic Weight_sum,ARW_Atomic Weight_max,ARW_Atomic Weight_min,ARW_Atomic Weight_diff,ARW_Atomic Radius_sum,ARW_Atomic Radius_max,ARW_Atomic Radius_min,ARW_Atomic Radius_diff,ARW_EN pauling_sum,ARW_EN pauling_max,ARW_EN pauling_min,ARW_EN pauling_diff,ARW_Valence Electron_sum,ARW_Valence Electron_max,ARW_Valence Electron_min,ARW_Valence Electron_diff,ARW_Ionization Energy_sum,ARW_Ionization Energy_max,ARW_Ionization Energy_min,ARW_Ionization Energy_diff,Temperature (K),Excitation source (nm),EQE
BaMgSi4O10Mn0.08,16.08,10,0.08,9.92,115,56,8,48,260.654044,137.327,15.999,121.328,675,215,60,155,9.09,3.44,0.89,2.55,21,7,2,5,42.061654000000004,13.618054,5.211664,8.406390000000002,206,80,2,78,438.35704352,159.99,4.39504352,155.59495648,1416.2,600,11.200000000000001,588.8,44.324000000000005,34.4,0.12400000000000001,34.275999999999996,80.56,60,0.56,59.44,182.23989244,136.18054,0.59472144,135.58581856,298,440,0.1
NaLa0.95MgWO6Sm0.05,10,6,0.05,5.95,224,74,8,66,536.3992392800001,183.84,15.999,167.841,905,195,60,135,9.65,3.44,0.93,2.51,20,6,1,5,45.4880057,13.618054,5.1390767,8.4789773,202.25,74,3.1,70.9,466.60696578,183.84,7.518000000000001,176.322,1019.5,360,9.25,350.75,25.6835,20.64,0.058499999999999996,20.581500000000002,47.95,36,0.1,35.9,107.9379062,81.708324,0.2821855,81.42613850000001,298,405,2.8
K2BiPO8MoSm0.25,13.25,8,0.25,7.75,229,83,8,75,541.3614619980001,208.9804,15.999,192.9814,870,220,60,160,11.68,3.44,0.82,2.62,25,6,1,5,48.46705954,13.618054,4.34066354,9.27739046,257.5,83,15,68,579.682761998,208.9804,30.973761998,178.006638002,1371.25,480,46.25,433.75,35.70249999999999,27.52,0.2925,27.2275,66.5,48,0.5,47.5,143.90131858000004,108.944432,1.4109275,107.5335045,298,404,3
Y2O3Eu0.05,5.05,3,0.05,2.95,110,63,8,55,256.86884,151.964,15.999,135.965,425,185,60,125,4.66,3.44,0,3.44,11,6,2,4,25.505699,13.618054,5.670385,7.947669000000001,105.15,78,3.1500000000000004,74.85,233.40687999999997,177.81168,7.5982,170.21348,549.25,360,9.25,350.75,12.76,10.32,0,10.32,24.1,18,0.1,17.9,53.57220125,40.854162,0.28351925,40.570642750000005,298,394,3
Cs2SiF6Mn0.1075,9.1075,6,0.1075,5.8925,103,55,9,46,234.926899123,132.90545196,18.998403163,113.90704879699999,560,260,50,210,8.22,3.98,0.79,3.19,19,7,1,6,36.902426548,17.42282,3.893905548,13.528914452000002,180.6875,110,2.6875,107.3125,413.79216262799997,265.81090392,5.905839729999999,259.90506418999996,945.05,520,15.049999999999999,504.95,27.526625,23.88,0.166625,23.713375,48.7525,42,0.7525,41.2475,121.27557103100001,104.53692000000001,0.799156935,103.73776306500001,573,460,3.42
Ba2Y3Si3O12FEu0.04,21.04,12,0.04,11.96,189,63,8,55,441.279243163,151.964,15.999,135.965,800,215,50,165,11.43,3.98,0,3.98,24,7,2,5,56.291866,17.42282,5.211664,12.211156000000003,378.52,117,2.52,114.48,842.6914831629999,274.654,6.07856,268.57544,2077.4,720,7.4,712.6,56.4,41.28,0,41.28,104.08,72,0.08,71.92,234.5964404,163.416648,0.2268154,163.18983260000002,298,350,3.6
NaLa0.8MgWO6Tb0.2,10,6,0.2,5.8,227,74,8,66,544.96458928,183.84,15.999,167.841,895,195,60,135,8.48,3.44,0,3.44,20,6,1,5,45.7080957,13.618054,5.1390767,8.4789773,203.6,74,11,63,470.03821528000003,183.84,22.98976928,160.85023072,1016,360,35,325,25.46,20.64,0,20.64,47.8,36,0.4,35.6,107.9919457,81.708324,1.17276,80.53556400000001,298,485,3.8
Ba2Y3Si3O12FEu0.02,21.02,12,0.02,11.98,189,63,8,55,441.279243163,151.964,15.999,135.965,800,215,50,165,11.43,3.98,0,3.98,24,7,2,5,56.291866,17.42282,5.211664,12.211156000000003,377.26,117,1.26,115.74,839.6522031629999,274.654,3.03928,271.61472,2073.7,720,3.7,716.3,56.4,41.28,0,41.28,104.04,72,0.04,71.96,234.48303270000002,163.416648,0.1134077,163.3032403,298,350,4.4
Ca2.91Mo0.2W0.8O6Eu0.09,10,6,0.09,5.91,207,74,8,66,487.8310000000001,183.84,15.999,167.841,705,185,60,125,8.3,3.44,0,3.44,22,6,2,4,40.3580542,13.618054,5.670385,7.947669000000001,179.47,59.2,5.67,53.53,392.5597400000001,147.072,13.67676,133.39524,1037.45,523.8000000000001,16.65,507.1500000000001,25.342,20.64,0,20.64,48,36,0.18,35.82,107.71765028200001,81.708324,0.5103346499999999,81.19798935,298,465,4.4
Ba2Y3Si3O12FEu0.01,21.01,12,0.01,11.99,189,63,8,55,441.279243163,151.964,15.999,135.965,800,215,50,165,11.43,3.98,0,3.98,24,7,2,5,56.291866,17.42282,5.211664,12.211156000000003,376.63,117,0.63,116.37,838.1325631629999,274.654,1.51964,273.13436,2071.85,720,1.85,718.15,56.4,41.28,0,41.28,104.02,72,0.02,71.98,234.42632885,163.416648,0.05670385,163.35994415000002,298,350,4.9
Ba2Y3Si3O12FEu0.005,21.005,12,0.005,11.995,189,63,8,55,441.279243163,151.964,15.999,135.965,800,215,50,165,11.43,3.98,0,3.98,24,7,2,5,56.291866,17.42282,5.211664,12.211156000000003,376.315,117,0.315,116.685,837.3727431629999,274.654,0.75982,273.89418,2070.925,720,0.925,719.075,56.4,41.28,0,41.28,104.01,72,0.01,71.99,234.39797692500002,163.416648,0.028351925,163.388296075,298,350,5.3
SrBi1.4TeO7Eu0.3,10.700000000000001,7,0.3,6.7,244,83,8,75,592.1634000000001,208.9804,15.999,192.9814,745,200,60,140,8.389999999999999,3.44,0,3.44,21,6,2,4,41.2784822,13.618054,5.670385,7.947669000000001,281.09999999999997,116.19999999999999,18.9,97.29999999999998,665.37476,292.57256,45.5892,246.98336,1039.5,420,55.5,364.5,29.79,24.08,0,24.08,57.6,42,0.6,41.4,121.9317431,95.326378,1.7011154999999998,93.6252625,298,465,5.4
Lu3Al4.994O12Mn0.003Mg0.003,20,12,0.003,11.997,129,71,8,63,297.1903825,174.9668,15.999,158.9678,650,175,60,115,8.91,3.44,1,2.44,20,7,2,5,40.1099464,13.618054,5.425871,8.192183,374.033,213,0.036000000000000004,212.964,851.8719324009999,524.9004,0.07291500000000001,524.827485,1870.1200000000001,720,0.42,719.58,52.32892,41.28,0.00393,41.276070000000004,93.009,72,0.006,71.994,209.6324291486,163.416648,0.022302054,163.39434594600002,298,465,5.56
Y2O3Eu0.05,5.05,3,0.05,2.95,110,63,8,55,256.86884,151.964,15.999,135.965,425,185,60,125,4.66,3.44,0,3.44,11,6,2,4,25.505699,13.618054,5.670385,7.947669000000001,105.15,78,3.1500000000000004,74.85,233.40687999999997,177.81168,7.5982,170.21348,549.25,360,9.25,350.75,12.76,10.32,0,10.32,24.1,18,0.1,17.9,53.57220125,40.854162,0.28351925,40.570642750000005,298,466,5.8
Ce2AlO3NDy0.03Eu0.006,7.0360000000000005,3,0.006,2.994,215,66,7,59,511.5675385,162.5,14.007,148.493,795,185,60,125,10.430000000000001,3.44,0,3.44,20,6,2,4,51.285987399999996,14.53413,5.5386,8.995529999999999,162.35799999999998,116,0.378,115.622,375.00432250000006,280.232,0.911784,279.320216,746.36,370,1.11,368.89,17.2466,10.32,0,10.32,30.072,18,0.012,17.988,72.66345421000001,40.854162,0.03402231,40.820139690000005,298,360,6
Ca2.91Mo0.2W0.8O6Eu0.09,10,6,0.09,5.91,207,74,8,66,487.8310000000001,183.84,15.999,167.841,705,185,60,125,8.3,3.44,0,3.44,22,6,2,4,40.3580542,13.618054,5.670385,7.947669000000001,179.47,59.2,5.67,53.53,392.5597400000001,147.072,13.67676,133.39524,1037.45,523.8000000000001,16.65,507.1500000000001,25.342,20.64,0,20.64,48,36,0.18,35.82,107.71765028200001,81.708324,0.5103346499999999,81.19798935,298,393,6.2
Sr2VO4Cl,8,4,1,3,86,38,8,30,190.01049999999998,87.62,15.999,71.62100000000001,495,200,60,140,9.18,3.44,0.95,2.49,20,7,2,5,39.0267382,13.618054,5.6948672,7.923186800000001,148,76,17,59,325.6275,175.24,35.45,139.79000000000002,875,400,100,300,20.45,13.76,1.63,12.129999999999999,40,24,4,20,85.5757674,54.472216,6.746187,47.726029000000004,298,293,7.1
Ca2.91Mo0.2W0.8O6Eu0.09,10,6,0.09,5.91,207,74,8,66,487.8310000000001,183.84,15.999,167.841,705,185,60,125,8.3,3.44,0,3.44,22,6,2,4,40.3580542,13.618054,5.670385,7.947669000000001,179.47,59.2,5.67,53.53,392.5597400000001,147.072,13.67676,133.39524,1037.45,523.8000000000001,16.65,507.1500000000001,25.342,20.64,0,20.64,48,36,0.18,35.82,107.71765028200001,81.708324,0.5103346499999999,81.19798935,298,365,8.7
NaBa4Al2B8O18Cl3Ce0.09,36.09,18,0.09,17.91,168,58,5,53,389.67330777999996,140.116,10.81,129.306,950,215,60,155,13.190000000000001,3.44,0.89,2.55,24,7,1,6,56.7588121,13.618054,5.1390767,8.4789773,501.22,224,5.22,218.78,1119.68328628,549.308,12.61044,536.69756,3366.65,1080,16.65,1063.35,95.53080000000001,61.92,0.1008,61.8192,168.18,108,0.18,107.82,388.8677575,245.124972,0.498474,244.62649800000003,298,323,9.82
Na3Lu0.8P2O8Eu0.2,14,8,0.2,7.8,168,71,8,63,396.893331278,174.9668,15.999,158.9678,700,185,60,125,7.5600000000000005,3.44,0,3.44,16,6,1,5,40.34007270000001,13.618054,5.1390767,8.4789773,196.4,64,12.600000000000001,51.4,429.27507183600005,139.97344,30.3928,109.58064000000002,1397,540,37,503,35.49,27.52,0,27.52,63,48,0.4,47.6,150.8098079,108.944432,1.134077,107.810355,298,393,11
K2BiPO8MoSm0.1,13.1,8,0.1,7.9,229,83,8,75,541.3614619980001,208.9804,15.999,192.9814,870,220,60,160,11.68,3.44,0.82,2.62,25,6,1,5,48.46705954,13.618054,4.34066354,9.27739046,248.2,83,6.2,76.8,557.1287619980001,208.9804,15.036000000000001,193.9444,1343.5,480,18.5,461.5,35.526999999999994,27.52,0.11699999999999999,27.403,66.2,48,0.2,47.8,143.05476208000002,108.944432,0.564371,108.38006100000001,298,404,12
Ca2Y0.6TaO6Eu0.4,10,6,0.4,5.6,203,73,8,65,477.89472,180.94788,15.999,164.94888,750,185,60,125,7.16,3.44,0,3.44,18,6,2,4,39.168424200000004,13.618054,5.670385,7.947669000000001,209.60000000000002,73,23.4,49.6,471.22698399999996,180.94788,53.343503999999996,127.604376,1047,360,74,286,24.872,20.64,0,20.64,47.599999999999994,36,0.8,35.2,107.4827144,81.708324,2.268154,79.44017000000001,298,395,12.4
RbNa3Li12Si4O16Eu0.03,36.03,16,0.03,15.97,136,63,3,60,311.44556928,151.964,6.94,145.024,915,235,60,175,8.07,3.44,0,3.44,15,6,1,5,42.148041461000005,13.618054,4.177128,9.440926000000001,291.89,128,1.89,126.11,610.6000278399999,255.984,4.55892,251.42508,3920.55,1740,5.55,1734.45,78.00999999999999,55.04,0,55.04,128.06,96,0.06,95.94,334.96064278200004,217.888864,0.17011154999999997,217.71875245,298,400,13
Na3Lu0.6P2O8Eu0.4,14,8,0.4,7.6,168,71,8,63,396.893331278,174.9668,15.999,158.9678,700,185,60,125,7.5600000000000005,3.44,0,3.44,16,6,1,5,40.34007270000001,13.618054,5.1390767,8.4789773,194.8,64,25.200000000000003,38.8,424.67451183599997,127.992,60.7856,67.2064,1399,540,74,466,35.29,27.52,0,27.52,63,48,0.8,47.2,150.85871070000002,108.944432,2.268154,106.67627800000001,298,393,14
Li2MgTi0.999O4Mn0.001,8,4,0.001,3.999,70,25,3,22,150.04904399999998,54.938044,6.94,47.998044,635,150,60,90,8.82,3.44,0.98,2.46,20,7,1,6,40.918141761,13.618054,5.391714761,8.226339239000001,72.00300000000001,32,0.025,31.975,150.05507104400002,63.996,0.054938044,63.941061956000006,820,290,0.14,289.86,18.570010000000003,13.76,0.0015500000000000002,13.75845,32.003,24,0.007,23.993,79.73060642,54.472216,0.007434018000000001,54.464781982000005,298,476,15
Ca13.9Zn6Ga10O35Dy0.1Mn0.15,65.15,35,0.1,34.9,180,66,8,58,408.61804399999994,162.5,15.999,146.501,820,180,60,120,10.670000000000002,3.44,1,2.44,32,12,2,10,48.497778000000004,13.618054,5.93905,7.679004000000001,1058.35,310,3.75,306.25,2231.0499066,697.23,8.2407066,688.9892934000001,6750.5,2502,17.5,2484.5,162.65449999999998,120.39999999999999,0.122,120.27799999999999,341.05,210,0.2,209.8,679.6719669799999,476.63189,0.593905,476.037985,298,266,15.6
CaMg2Al16O27Mn0.08,46.08,27,0.08,26.92,78,25,8,17,162.3015825,54.938044,15.999,38.939043999999996,655,180,60,120,8.91,3.44,1,2.44,20,7,2,5,40.7972306,13.618054,5.9857684,7.6322856,470,216,2,214,956.76065952,431.973,4.39504352,427.57795648,4111.2,2000,11.200000000000001,1988.8,122.38399999999999,92.88,0.12400000000000001,92.756,216.56,162,0.56,161.44,485.46009904,367.687458,0.59472144,367.09273656,298,468,16
Ba2V2O7,11,7,2,5,87,56,8,48,204.26749999999998,137.327,15.999,121.328,410,215,60,155,5.96,3.44,0.89,2.55,13,6,2,4,25.575905,13.618054,5.211664,8.406390000000002,214,112,46,66,488.53,274.654,101.883,172.77100000000002,1120,430,270,160,29.119999999999997,24.08,1.78,22.299999999999997,56,42,4,38,119.24208,95.326378,10.423328,84.90305000000001,298,336,16
Sr1.576Ca0.394Sb2O7Bi0.03,11,7,0.03,6.97,200,83,8,75,474.4374,208.9804,15.999,192.9814,745,200,60,140,9.34,3.44,0.95,2.49,20,6,2,4,41.3199814,13.618054,5.6948672,7.923186800000001,228.258,102,2.4899999999999998,99.51,515.662264,243.52,6.269412,237.25058800000002,1100.9199999999998,420,4.8,415.2,30.128199999999996,24.08,0.056999999999999995,24.023,56.089999999999996,42,0.15,41.85,124.145415336,95.326378,0.21856548,95.10781252000001,298,372,16.13
Sr1.182Ca0.788Sb2O7Bi0.03,10.999999999999998,7,0.03,6.97,200,83,8,75,474.4374,208.9804,15.999,192.9814,745,200,60,140,9.34,3.44,0.95,2.49,20,6,2,4,41.3199814,13.618054,5.6948672,7.923186800000001,221.166,102,2.4899999999999998,99.51,496.930716,243.52,6.269412,237.25058800000002,1093.04,420,4.8,415.2,30.147899999999996,24.08,0.056999999999999995,24.023,56.089999999999996,42,0.15,41.85,124.310220808,95.326378,0.21856548,95.10781252000001,298,372,16.13
Ca2La0.6SbO6Eu0.4,10,6,0.4,5.6,199,63,8,55,468.70647,151.964,15.999,135.965,765,195,60,135,7.59,3.44,0,3.44,18,6,2,4,39.5868832,13.618054,5.5769,8.041154,198.39999999999998,51,25.200000000000003,25.799999999999997,442.038882,121.76,60.7856,60.9744,1056,360,74,286,25.35,20.64,0,20.64,47.599999999999994,36,0.8,35.2,108.1573174,81.708324,2.268154,79.44017000000001,298,465,16.6
Ce2AlO3NDy0.03Eu0.02,7.05,3,0.02,2.98,215,66,7,59,511.5675385,162.5,14.007,148.493,795,185,60,125,10.430000000000001,3.44,0,3.44,20,6,2,4,51.285987399999996,14.53413,5.5386,8.995529999999999,163.23999999999998,116,1.26,114.74,377.13181850000007,280.232,3.03928,277.19272,748.95,370,3.7,366.3,17.2466,10.32,0,10.32,30.099999999999998,18,0.04,17.96,72.74283960000001,40.854162,0.1134077,40.7407543,298,360,17
Ca3Gd0.5Al3O15B4Eu0.5,26,15,0.5,14.5,173,64,5,59,403.0825385,157.25,10.81,146.44,815,185,60,125,9.29,3.44,0,3.44,18,6,2,4,45.835177599999994,13.618054,5.670385,7.947669000000001,302.5,120,20,100,639.0106155,239.985,43.24,196.745,2337.5,900,90,810,68.19,51.6,0,51.6,119,90,1,89,279.6697473,204.27081,2.8351925,201.4356175,298,397,17.7
Cs2SiF6Mn0.1075,9.1075,6,0.1075,5.8925,103,55,9,46,234.926899123,132.90545196,18.998403163,113.90704879699999,560,260,50,210,8.22,3.98,0.79,3.19,19,7,1,6,36.902426548,17.42282,3.893905548,13.528914452000002,180.6875,110,2.6875,107.3125,413.79216262799997,265.81090392,5.905839729999999,259.90506418999996,945.05,520,15.049999999999999,504.95,27.526625,23.88,0.166625,23.713375,48.7525,42,0.7525,41.2475,121.27557103100001,104.53692000000001,0.799156935,103.73776306500001,523,460,17.81
Ca3.96Si2O7F2Eu0.04,15,7,0.04,6.96,114,63,8,55,255.124403163,151.964,15.999,135.965,585,185,50,135,10.32,3.98,0,3.98,21,7,2,5,50.9760972,17.42282,5.670385,11.752435000000002,183.72,79.2,2.52,76.68,370.947246326,158.70888000000002,6.07856,152.63032,1460.2,712.8,7.4,705.4,39.8,24.08,0,24.08,72,42,0.08,41.92,170.910293992,95.326378,0.2268154,95.0995626,298,400,17.9
NaBa4Al2B8O18Cl3Ce0.09Tb0.01,36.1,18,0.01,17.99,233,65,5,60,548.5986577799999,158.92535,10.81,148.11535,1125,215,60,155,13.190000000000001,3.44,0,3.44,26,7,1,6,62.6226121,13.618054,5.1390767,8.4789773,501.87,224,0.65,223.35,1121.27253978,549.308,1.5892535,547.7187465,3368.4,1080,1.75,1078.25,95.53080000000001,61.92,0,61.92,168.20000000000002,108,0.02,107.98,388.92639549999996,245.124972,0.058638,245.066334,298,323,18.25
KMg4P3O12Eu0.02,20.02,12,0.02,11.98,117,63,8,55,262.340061998,151.964,15.999,135.965,715,220,60,160,7.76,3.44,0,3.44,16,6,1,5,41.76202354,13.618054,4.34066354,9.27739046,209.26,96,1.26,94.74,424.266865994,191.988,3.03928,188.94872,1843.7,720,3.7,716.3,53.910000000000004,41.28,0,41.28,96.04,72,0.04,71.96,229.91571724000002,163.416648,0.1134077,163.3032403,298,365,18.6
Na3Lu0.4P2O8Eu0.6,14,8,0.4,7.6,168,71,8,63,396.893331278,174.9668,15.999,158.9678,700,185,60,125,7.5600000000000005,3.44,0,3.44,16,6,1,5,40.34007270000001,13.618054,5.1390767,8.4789773,193.2,64,28.400000000000002,35.599999999999994,420.073951836,127.992,61.947523996,66.044476004,1401,540,70,470,35.09,27.52,0,27.52,63,48,0.8,47.2,150.9076135,108.944432,2.1703484,106.77408360000001,298,393,19
NaLa0.6MgWO6Eu0.4,10,6,0.4,5.6,225,74,8,66,538.0032392800001,183.84,15.999,167.841,905,195,60,135,8.48,3.44,0,3.44,20,6,1,5,45.5146807,13.618054,5.1390767,8.4789773,204.39999999999998,74,11,63,471.25765128000006,183.84,22.98976928,160.85023072,1016,360,74,286,25.240000000000002,20.64,0,20.64,47.599999999999994,36,0.8,35.2,107.9719597,81.708324,2.268154,79.44017000000001,298,464,19.3
NaBa4Al2B8O18Cl3Ce0.09Tb0.03,36.120000000000005,18,0.03,17.97,233,65,5,60,548.5986577799999,158.92535,10.81,148.11535,1125,215,60,155,13.190000000000001,3.44,0,3.44,26,7,1,6,62.6226121,13.618054,5.1390767,8.4789773,503.17,224,1.95,222.05,1124.4510467799998,549.308,4.7677605000000005,544.5402395,3371.9,1080,5.25,1074.75,95.53080000000001,61.92,0,61.92,168.24,108,0.06,107.94,389.04367149999996,245.124972,0.17591400000000001,244.949058,298,323,19.3
Ca2VO4Cl,8,4,1,3,68,23,8,15,142.4685,50.9415,15.999,34.942499999999995,475,180,60,120,9.23,3.44,1,2.44,20,7,2,5,39.4450262,13.618054,6.1131552,7.504898800000001,112,40,17,23,230.5435,80.156,35.45,44.706,835,360,100,260,20.55,13.76,1.63,12.129999999999999,40,24,4,20,86.4123434,54.472216,6.746187,47.726029000000004,298,287,20
LiScP2O7Cr0.06,11.06,7,0.06,6.94,71,24,3,21,150.86476999799999,51.9961,6.94,45.0561,605,160,60,100,9.629999999999999,3.44,0.98,2.46,21,6,1,5,42.824454761,13.618054,5.391714761,8.226339239000001,111.44,56,1.44,54.56,228.956197996,111.99300000000001,3.119766,108.87323400000001,933.4,420,8.4,411.6,30.899599999999996,24.08,0.0996,23.9804,56.36,42,0.36,41.64,128.658945361,95.326378,0.4059906,94.92038740000001,298,450,20
NaBa4Al2B8O18Cl3Ce0.09Tb0.05,36.14,18,0.05,17.95,233,65,5,60,548.5986577799999,158.92535,10.81,148.11535,1125,215,60,155,13.190000000000001,3.44,0,3.44,26,7,1,6,62.6226121,13.618054,5.1390767,8.4789773,504.47,224,3.25,220.75,1127.62955378,549.308,7.946267500000001,541.3617325,3375.4,1080,8.75,1071.25,95.53080000000001,61.92,0,61.92,168.28,108,0.1,107.9,389.16094749999996,245.124972,0.29319,244.831782,298,323,20.44
Sr7.92MgScP7O28Eu0.08,45,28,0.08,27.92,157,63,8,55,355.81766999800004,151.964,15.999,135.965,855,200,60,140,9.25,3.44,0,3.44,20,6,2,4,49.677717200000004,13.618054,5.670385,7.947669000000001,668,300.96,5.04,295.91999999999996,1440.1567619860002,693.9504000000001,12.15712,681.7932800000001,4288.8,1680,14.8,1665.2,121.844,96.32,0,96.32,224,168,0.16,167.84,514.4770180240001,381.305512,0.4536308,380.85188120000004,298,400,20.8
KCaYP2O8Eu0.01,13.01,8,0.01,7.99,164,63,8,55,367.01890199799993,151.964,15.999,135.965,925,220,60,160,8.67,3.44,0,3.44,19,6,1,5,46.44620374,13.618054,4.34066354,9.27739046,172.63,64,0.63,63.37,359.54130399599995,127.992,1.51964,126.47236000000001,1261.85,480,1.85,478.15,34.94,27.52,0,27.52,64.02,48,0.02,47.98,146.64558659,108.944432,0.05670385,108.88772815,298,380,21.4
Ca5P3O12FEu0.025,21.025,12,0.025,11.975,115,63,8,55,258.01316516099996,151.964,15.999,135.965,575,185,50,135,10.61,3.98,0,3.98,22,7,2,5,53.3111002,17.42282,5.670385,11.752435000000002,251.575,100,1.5750000000000002,98.425,508.096789157,200.39000000000001,3.7991,196.5909,1974.625,900,4.625,895.375,56.83,41.28,0,41.28,104.05,72,0.05,71.95,243.007061625,163.416648,0.141759625,163.27488837500002,298,335,21.7
Sr1.773Ca0.197Sb2O7Bi0.03,10.999999999999998,7,0.03,6.97,200,83,8,75,474.4374,208.9804,15.999,192.9814,745,200,60,140,9.34,3.44,0.95,2.49,20,6,2,4,41.3199814,13.618054,5.6948672,7.923186800000001,231.804,102,2.4899999999999998,99.51,525.028038,243.52,6.269412,237.25058800000002,1104.86,420,4.8,415.2,30.118349999999996,24.08,0.056999999999999995,24.023,56.089999999999996,42,0.15,41.85,124.06301260000001,95.326378,0.21856548,95.10781252000001,298,372,21.71
BaLu0.99Al2Si2O2N5Ce0.01,13,5,0.01,4.99,227,71,7,64,537.4823385000001,174.9668,14.007,160.9598,935,215,60,155,13,3.44,0.89,2.55,24,6,2,4,58.465770400000004,14.53413,5.211664,9.322465999999999,231.87000000000003,70.29,0.58,69.71000000000001,524.111369,173.217132,1.4011600000000002,171.815972,1305.1,325,1.85,323.15,30.991199999999996,15.2,0.011200000000000002,15.188799999999999,55.00000000000001,25,0.02,24.98,138.82032309,72.67065,0.055386,72.615264,298,350,22.3
Na3Lu0.2P2O8Eu0.8,14,8,0.2,7.8,168,71,8,63,396.893331278,174.9668,15.999,158.9678,700,185,60,125,7.5600000000000005,3.44,0,3.44,16,6,1,5,40.34007270000001,13.618054,5.1390767,8.4789773,191.6,64,14.200000000000001,49.8,415.473391836,127.992,34.99336,92.99864,1403,540,35,505,34.89,27.52,0,27.52,63,48,0.4,47.6,150.9565163,108.944432,1.0851742,107.85925780000001,298,393,23
Sr0.99LuAl2Si2O2N5Eu0.01,13,5,0.01,4.99,214,71,7,64,499.62333850000005,174.9668,14.007,160.9598,920,200,60,140,11.940000000000001,3.44,0,3.44,24,6,2,4,59.080758599999996,14.53413,5.425871,9.108259,214.25,71,0.63,70.37,475.39631699999995,174.9668,1.51964,173.44716,1289.85,325,1.85,323.15,31.040499999999998,15.2,0,15.2,55.00000000000001,25,0.02,24.98,139.302154178,72.67065,0.05670385,72.61394614999999,298,365,23.7
Ba0.98La2Si2S8Eu0.02,13,8,0.02,7.98,206,63,14,49,488.34147,151.964,28.085,123.87899999999999,805,215,100,115,6.470000000000001,2.58,0,2.58,17,6,2,4,34.970642,10.36001,5.211664,5.148346000000001,326.14,128,1.26,126.74,728.08068,277.81094,3.03928,274.77166,1624.4,800,3.7,796.3,27.5122,20.64,0,20.64,64,48,0.04,47.96,115.55808442,82.88008,0.1134077,82.76667230000001,298,405,23.73
Sr1.97Sb2O7Bi0.03,10.999999999999998,7,0.03,6.97,180,83,8,75,434.3594,208.9804,15.999,192.9814,565,200,60,140,8.34,3.44,0.95,2.49,18,6,2,4,35.2068262,13.618054,5.6948672,7.923186800000001,235.35000000000002,102,2.4899999999999998,99.51,534.393812,243.52,6.269412,237.25058800000002,1108.8,420,4.8,415.2,30.108499999999996,24.08,0.056999999999999995,24.023,56.089999999999996,42,0.15,41.85,123.980609864,95.326378,0.21856548,95.10781252000001,298,372,23.74
LiScP2O7Cr0.06Yb0.003,11.063,7,0.003,6.997,141,70,3,67,323.909769998,173.045,6.94,166.105,780,175,60,115,9.629999999999999,3.44,0,3.44,23,6,1,5,49.078614761,13.618054,5.391714761,8.226339239000001,111.64999999999999,56,0.21,55.79,229.475332996,111.99300000000001,0.519135,111.473865,933.925,420,0.525,419.475,30.899599999999996,24.08,0,24.08,56.366,42,0.006,41.994,128.677707841,95.326378,0.018762479999999998,95.30761552,298,450,24
NaBa4Al2B8O18Cl3Ce0.09Tb0.07,36.160000000000004,18,0.07,17.93,233,65,5,60,548.5986577799999,158.92535,10.81,148.11535,1125,215,60,155,13.190000000000001,3.44,0,3.44,26,7,1,6,62.6226121,13.618054,5.1390767,8.4789773,505.77000000000004,224,4.550000000000001,219.45,1130.80806078,549.308,11.124774500000001,538.1832254999999,3378.9,1080,12.250000000000002,1067.75,95.53080000000001,61.92,0,61.92,168.32,108,0.14,107.86,389.27822349999997,245.124972,0.41046600000000005,244.714506,298,323,25.39
Sr0.788Ca1.182Sb2O7Bi0.03,10.999999999999998,7,0.03,6.97,200,83,8,75,474.4374,208.9804,15.999,192.9814,745,200,60,140,9.34,3.44,0.95,2.49,20,6,2,4,41.3199814,13.618054,5.6948672,7.923186800000001,214.074,102,2.4899999999999998,99.51,478.199168,243.52,6.269412,237.25058800000002,1085.16,420,4.8,415.2,30.167599999999997,24.08,0.056999999999999995,24.023,56.089999999999996,42,0.15,41.85,124.47502628000001,95.326378,0.21856548,95.10781252000001,298,372,25.59
SrLu0.99Al2Si2O2N5Ce0.01,13,5,0.01,4.99,209,71,7,64,487.7753385000001,174.9668,14.007,160.9598,920,200,60,140,13.060000000000002,3.44,0.95,2.49,24,6,2,4,58.9489736,14.53413,5.425871,9.108259,213.87000000000003,70.29,0.58,69.71000000000001,474.404369,173.217132,1.4011600000000002,171.815972,1290.1,325,1.85,323.15,31.051199999999998,15.2,0.011200000000000002,15.188799999999999,55.00000000000001,25,0.02,24.98,139.30352628999998,72.67065,0.055386,72.615264,298,350,25.6
K2BiPO8MoSm0.05,13.05,8,0.05,7.95,229,83,8,75,541.3614619980001,208.9804,15.999,192.9814,870,220,60,160,11.68,3.44,0.82,2.62,25,6,1,5,48.46705954,13.618054,4.34066354,9.27739046,245.1,83,3.1,79.9,549.610761998,208.9804,7.518000000000001,201.4624,1334.25,480,9.25,470.75,35.4685,27.52,0.058499999999999996,27.4615,66.1,48,0.1,47.9,142.77257658000002,108.944432,0.2821855,108.66224650000001,298,404,26
Na3P2O8Eu1,14,8,1,7,97,63,8,55,221.926531278,151.964,15.999,135.965,525,185,60,125,6.5600000000000005,3.44,0,3.44,14,6,1,5,34.91420170000001,13.618054,5.1390767,8.4789773,190,64,30,34,410.872831836,151.964,61.947523996,90.016476004,1405,540,185,355,34.69,27.52,0,27.52,63,48,2,46,151.0054191,108.944432,5.670385,103.27404700000001,298,393,26
Sr9Mg1.5P7O28Eu0.06,45.56,28,0.06,27.94,136,63,8,55,310.861761998,151.964,15.999,135.965,695,200,60,140,7.889999999999999,3.44,0,3.44,17,6,2,4,43.1162272,13.618054,5.670385,7.947669000000001,692.78,342,3.78,338.22,1498.943673986,788.58,9.11784,779.46216,4416.1,1800,11.1,1788.9,122.16499999999999,96.32,0,96.32,224.12,168,0.12,167.88,517.7756944,381.305512,0.34022309999999995,380.9652889,298,460,26.9
LiScP2O7Cr0.06Yb0.005,11.065000000000001,7,0.005,6.995,141,70,3,67,323.909769998,173.045,6.94,166.105,780,175,60,115,9.629999999999999,3.44,0,3.44,23,6,1,5,49.078614761,13.618054,5.391714761,8.226339239000001,111.78999999999999,56,0.35000000000000003,55.65,229.821422996,111.99300000000001,0.8652249999999999,111.12777500000001,934.275,420,0.875,419.125,30.899599999999996,24.08,0,24.08,56.37,42,0.01,41.99,128.690216161,95.326378,0.0312708,95.2951072,298,450,27
Mg3P2O8Eu0.04,13.04,8,0.04,7.96,98,63,8,55,223.24176199800002,151.964,15.999,135.965,495,185,60,125,6.9399999999999995,3.44,0,3.44,15,6,2,4,37.42136,13.618054,5.670385,7.947669000000001,132.52,64,2.52,61.48,268.933083996,127.992,6.07856,121.91344000000001,1137.4,480,7.4,472.6,35.83,27.52,0,27.52,64.08,48,0.08,47.92,153.0833244,108.944432,0.2268154,108.7176166,298,378,27.63
Ba0.99LuAl2Si2O2N5Eu0.01,13,5,0.01,4.99,232,71,7,64,549.3303385,174.9668,14.007,160.9598,935,215,60,155,11.879999999999999,3.44,0,3.44,24,6,2,4,58.597555400000005,14.53413,5.211664,9.322465999999999,232.07,71,0.63,70.37,524.6062469999999,174.9668,1.51964,173.44716,1304.6999999999998,325,1.85,323.15,30.981099999999998,15.2,0,15.2,55.00000000000001,25,0.02,24.98,138.82378300999997,72.67065,0.05670385,72.61394614999999,298,365,29.5
Ca2GdSb0.994O6Mn0.006,10,6,0.006,5.994,168,64,8,56,390.02504400000004,157.25,15.999,141.251,705,180,60,120,9.24,3.44,1,2.44,22,7,2,5,41.9234122,13.618054,6.1131552,7.504898800000001,202.84400000000002,64,0.15,63.85,454.759068264,157.25,0.329628264,156.920371736,1044.97,360,0.84,359.16,25.887,20.64,0.009300000000000001,20.6307,47.012,36,0.042,35.958,108.685773174,81.708324,0.044604108,81.663719892,298,356,29.6
K2BiPO8MoSm0.025,13.025,8,0.025,7.975,229,83,8,75,541.3614619980001,208.9804,15.999,192.9814,870,220,60,160,11.68,3.44,0.82,2.62,25,6,1,5,48.46705954,13.618054,4.34066354,9.27739046,243.55,83,1.55,81.45,545.851761998,208.9804,3.7590000000000003,205.22140000000002,1329.625,480,4.625,475.375,35.439249999999994,27.52,0.029249999999999998,27.49075,66.05,48,0.05,47.95,142.63148383000004,108.944432,0.14109275,108.80333925000001,298,404,30
Y2Mo4O15Eu0.01,21.01,15,0.01,14.99,152,63,8,55,352.81884,151.964,15.999,135.965,570,185,60,125,6.82,3.44,0,3.44,17,6,2,4,32.598129,13.618054,5.670385,7.947669000000001,366.63,168,0.63,167.37,803.11632,383.8,1.51964,382.28036000000003,1841.85,900,1.85,898.15,62.68,51.6,0,51.6,120.02,90,0.02,89.98,245.13175385,204.27081,0.05670385,204.21410615000002,298,393.5,30
K2BiPO8MoSm0.005,13.005,8,0.005,7.995,229,83,8,75,541.3614619980001,208.9804,15.999,192.9814,870,220,60,160,11.68,3.44,0.82,2.62,25,6,1,5,48.46705954,13.618054,4.34066354,9.27739046,242.31,83,0.31,82.69,542.844561998,208.9804,0.7518000000000001,208.2286,1325.925,480,0.925,479.075,35.41585,27.52,0.00585,27.51415,66.01,48,0.01,47.99,142.51860963000001,108.944432,0.02821855,108.91621345,298,404,31
Zn3V2O8,13,8,2,6,61,30,8,22,132.32049999999998,65.38,15.999,49.38099999999999,330,135,60,75,6.72,3.44,1.63,1.81,23,12,5,7,29.75844,13.618054,6.746187,6.871867000000001,200,90,46,44,426.015,196.14,101.883,94.25699999999999,1155,480,270,210,35.73,27.52,3.26,24.259999999999998,94,48,10,38,150.619403,108.944432,13.492374,95.45205800000001,298,350,31
Ca8.1Y0.85P7O28Ce0.15Mn0.1,44.2,28,0.1,27.9,165,58,8,50,371.010645998,140.116,15.999,124.11700000000002,845,185,60,125,10.52,3.44,1,2.44,25,7,2,5,49.4077732,13.618054,5.5386,8.079454000000002,535.35,224,2.5,221.5,1091.5013023860001,447.97200000000004,5.4938044,442.47819560000005,4032.75,1680,14,1666,121.11,96.32,0.15500000000000003,96.16499999999999,222.75,168,0.3,167.7,511.08773392,381.305512,0.7434018,380.5621102,298,254,31.11
Ca5P3O12FEu0.025Mn0.08,21.104999999999997,12,0.025,11.975,140,63,8,55,312.95120916099995,151.964,15.999,135.965,715,185,50,135,12.16,3.98,0,3.98,29,7,2,5,60.7451182,17.42282,5.670385,11.752435000000002,253.575,100,1.5750000000000002,98.425,512.4918326769999,200.39000000000001,3.7991,196.5909,1985.825,900,4.625,895.375,56.954,41.28,0,41.28,104.61,72,0.05,71.95,243.601783065,163.416648,0.141759625,163.27488837500002,298,335,32.7
LiScP2O7Cr0.06Yb0.01,11.07,7,0.01,6.99,141,70,3,67,323.909769998,173.045,6.94,166.105,780,175,60,115,9.629999999999999,3.44,0,3.44,23,6,1,5,49.078614761,13.618054,5.391714761,8.226339239000001,112.14,56,0.7000000000000001,55.3,230.68664799599998,111.99300000000001,1.7304499999999998,110.26255,935.15,420,1.75,418.25,30.899599999999996,24.08,0,24.08,56.38,42,0.02,41.98,128.721486961,95.326378,0.0625416,95.2638364,298,450,33
LaMgGa10.95O19Cr0.05,32,19,0.05,18.95,132,57,8,49,300.92857,138.90547,15.999,122.90647000000001,675,195,60,135,9.32,3.44,1.1,2.34,20,6,2,4,39.607000799999994,13.618054,5.5769,8.041154,561.6500000000001,339.45,1.2000000000000002,338.25,1233.258125,763.4668499999999,2.599805,760.867045,2915.5,1423.5,7,1416.5,87.6725,65.36,0.083,65.277,152.15,114,0.30000000000000004,113.7,337.99684120999996,258.743026,0.33832550000000006,258.4047005,298,410,33.5
Sr2.91YP3O12Eu0.03Mn0.06,19,12,0.03,11.97,188,63,8,55,430.40064599799996,151.964,15.999,135.965,865,200,60,140,9.35,3.44,0,3.44,25,7,2,5,49.121270200000005,13.618054,5.670385,7.947669000000001,293.97,110.58000000000001,1.5,109.08000000000001,636.6445286339999,254.97420000000002,3.29628264,251.67791736000004,1795.95,720,5.55,714.45,51.92750000000001,41.28,0,41.28,96.3,72,0.06,71.94,218.28218218199999,163.416648,0.17011154999999997,163.24653645,298,355,33.8
K2BiPO8MoSm0.01,13.01,8,0.01,7.99,229,83,8,75,541.3614619980001,208.9804,15.999,192.9814,870,220,60,160,11.68,3.44,0.82,2.62,25,6,1,5,48.46705954,13.618054,4.34066354,9.27739046,242.62,83,0.62,82.38,543.596361998,208.9804,1.5036000000000003,207.4768,1326.85,480,1.85,478.15,35.421699999999994,27.52,0.0117,27.5083,66.02,48,0.02,47.98,142.54682818000003,108.944432,0.0564371,108.88799490000001,298,404,34
Sr2.88YP3O12Eu0.03Mn0.09,19,12,0.03,11.97,188,63,8,55,430.40064599799996,151.964,15.999,135.965,865,200,60,140,9.35,3.44,0,3.44,25,7,2,5,49.121270200000005,13.618054,5.670385,7.947669000000001,293.58,109.44,1.89,107.55,635.664069954,252.3456,4.55892,247.78668,1794.1499999999999,720,5.55,714.45,51.945499999999996,41.28,0,41.28,96.44999999999999,72,0.06,71.94,218.33435670600002,163.416648,0.17011154999999997,163.24653645,298,355,34.5
K2PWO8Tb0.5Eu0.5,13,8,0.5,7.5,244,74,8,66,580.8004119980001,183.84,15.999,167.841,875,220,60,160,8.15,3.44,0,3.44,22,6,1,5,47.843618539999994,13.618054,4.34066354,9.27739046,255,74,15,59,576.447036998,183.84,30.973761998,152.866238002,1335,480,87.5,392.5,33.05,27.52,0,27.52,63,48,1,47,141.74356758000002,108.944432,2.8351925,106.1092395,298,394,35.24
NaBa4Al2B8O18Cl3Ce0.09Tb0.09,36.18000000000001,18,0.09,17.91,233,65,5,60,548.5986577799999,158.92535,10.81,148.11535,1125,215,60,155,13.190000000000001,3.44,0,3.44,26,7,1,6,62.6226121,13.618054,5.1390767,8.4789773,507.07000000000005,224,5.22,218.78,1133.9865677799999,549.308,12.61044,536.69756,3382.4,1080,15.75,1064.25,95.53080000000001,61.92,0,61.92,168.36,108,0.18,107.82,389.39549949999997,245.124972,0.498474,244.62649800000003,298,323,35.26
Sr0.394Ca1.576Sb2O7Bi0.03,11,7,0.03,6.97,200,83,8,75,474.4374,208.9804,15.999,192.9814,745,200,60,140,9.34,3.44,0.95,2.49,20,6,2,4,41.3199814,13.618054,5.6948672,7.923186800000001,206.98200000000003,102,2.4899999999999998,99.51,459.46762,243.52,6.269412,237.25058800000002,1077.28,420,4.8,415.2,30.187299999999997,24.08,0.056999999999999995,24.023,56.089999999999996,42,0.15,41.85,124.639831752,95.326378,0.21856548,95.10781252000001,298,372,36.17
Ca14Zn6Ga9.97O35Mn0.03,65,35,0.03,34.97,114,31,8,23,246.11804399999997,69.723,15.999,53.724,645,180,60,120,9.450000000000001,3.44,1,2.44,30,12,2,10,42.558728,13.618054,5.9993018,7.618752200000001,1049.82,309.07,0.75,308.32,2210.12345132,695.13831,1.64814132,693.49016868,6730.3,2520,4.2,2515.8,162.3922,120.39999999999999,0.0465,120.3535,340.11999999999995,210,0.21,209.79,678.617316286,476.63189,0.22302054,476.40886946,298,310,36.2
LiCa3ZnV3O12,20,12,1,11,84,30,3,27,179.33849999999998,65.38,6.94,58.44,655,180,60,120,8.7,3.44,0.98,2.46,26,12,1,11,41.263309961000004,13.618054,5.391714761,8.226339239000001,258,96,3,93,537.3665000000001,191.988,6.94,185.048,1945,720,135,585,51.8,41.28,0.98,40.300000000000004,106,72,1,71,216.780588361,163.416648,5.391714761,158.024933239,298,330,36.3
Ca2LuHf2Al3O12Ce0.02Tb0.5,20.52,12,0.02,11.98,307,72,8,64,735.5566885000001,178.49,15.999,162.491,1055,185,60,125,9.469999999999999,3.44,0,3.44,21,6,2,4,49.370318600000004,13.618054,5.425871,8.192183,423.66,144,1.16,142.84,967.3004105,356.98,2.8023200000000004,354.17768,2031.2,720,3.7,716.3,51.7324,41.28,0,41.28,96.04,72,0.04,71.96,215.7189466,163.416648,0.110772,163.305876,298,408,37
Na2Gd0.5PO8MoEu0.5,13,8,0.5,7.5,203,64,8,56,475.126531278,157.25,15.999,141.251,850,185,60,125,9.92,3.44,0,3.44,22,6,1,5,48.15642770000001,13.618054,5.1390767,8.4789773,206.5,64,15,49,455.502300558,127.992,30.973761998,97.018238002,1267.5,480,90,390,34.33,27.52,0,27.52,63,48,1,47,142.7117919,108.944432,2.8351925,106.1092395,298,396,37
Mg0.95Y3.8Si3O13Ce0.2Mn0.05,21,13,0.05,12.95,156,58,8,50,352.348884,140.116,15.999,124.11700000000002,825,185,60,125,10.54,3.44,1.12,2.32,24,7,2,5,48.605850000000004,13.618054,5.5386,8.079454000000002,318.45000000000005,148.2,1.25,146.95,683.9440441999999,337.84219199999995,2.7469022,335.09528979999993,1980.5,780,7,773,56.602,44.72,0.07750000000000001,44.6425,104.05,78,0.35000000000000003,77.65,233.85868315000002,177.034702,0.3717009,176.6630011,298,328,37
Y2Mo4O15Eu0.05,21.05,15,0.05,14.95,152,63,8,55,352.81884,151.964,15.999,135.965,570,185,60,125,6.82,3.44,0,3.44,17,6,2,4,32.598129,13.618054,5.670385,7.947669000000001,369.15,168,3.1500000000000004,164.85,809.19488,383.8,7.5982,376.2018,1849.25,900,9.25,890.75,62.68,51.6,0,51.6,120.1,90,0.1,89.9,245.35856925000002,204.27081,0.28351925,203.98729075,298,393.5,38
Rb3LuV2O8,14,8,1,7,139,71,8,63,327.37510000000003,174.9668,15.999,158.9678,605,235,60,175,6.89,3.44,0.82,2.62,14,6,1,5,29.96724,13.618054,4.177128,9.440926000000001,292,111,46,65,661.2452,256.4034,101.883,154.5204,1630,705,175,530,34.24,27.52,1,26.52,63,48,2,46,140.39406100000002,108.944432,5.425871,103.518561,298,362,38
LiScP2O7Cr0.06Yb0.05,11.110000000000001,7,0.05,6.95,141,70,3,67,323.909769998,173.045,6.94,166.105,780,175,60,115,9.629999999999999,3.44,0,3.44,23,6,1,5,49.078614761,13.618054,5.391714761,8.226339239000001,114.94,56,1.44,54.56,237.608447996,111.99300000000001,3.119766,108.87323400000001,942.15,420,8.4,411.6,30.899599999999996,24.08,0,24.08,56.46,42,0.1,41.9,128.971653361,95.326378,0.312708,95.01367,298,450,38
KMg4P3O12Eu0.02Li0.025,20.044999999999998,12,0.02,11.98,120,63,3,60,269.280061998,151.964,6.94,145.024,860,220,60,160,8.74,3.44,0,3.44,17,6,1,5,47.153738301000004,13.618054,4.34066354,9.27739046,209.33499999999998,96,0.07500000000000001,95.925,424.440365994,191.988,0.17350000000000002,191.8145,1847.325,720,3.625,716.375,53.93450000000001,41.28,0,41.28,96.06500000000001,72,0.025,71.975,230.05051010902503,163.416648,0.1134077,163.3032403,298,365,38.26
Ca14Zn6Ga9.75O35Mn0.25,65,35,0.25,34.75,114,31,8,23,246.11804399999997,69.723,15.999,53.724,645,180,60,120,9.450000000000001,3.44,1,2.44,30,12,2,10,42.558728,13.618054,5.9993018,7.618752200000001,1048.5,302.25,6.25,296,2206.870761,679.79925,13.734511,666.064739,6732.5,2520,35,2485,162.33499999999998,120.39999999999999,0.3875,120.01249999999999,341,210,1.75,208.25,678.93295385,476.63189,1.8585045,474.7733855,298,310,38.3
BaMgSi4O10Eu0.04Mn0.1,16.14,10,0.04,9.96,178,63,8,55,412.618044,151.964,15.999,135.965,860,215,60,155,9.09,3.44,0,3.44,23,7,2,5,47.73203900000001,13.618054,5.211664,8.406390000000002,209.02,80,2.5,77.5,445.53436439999996,159.99,5.4938044,154.49619560000002,1426.4,600,7.4,592.6,44.355000000000004,34.4,0,34.4,80.78,60,0.08,59.92,182.61538819999998,136.18054,0.2268154,135.95372460000002,298,360,38.5
BaMgSi4O10Eu0.04Mn0.12,16.16,10,0.04,9.96,178,63,8,55,412.618044,151.964,15.999,135.965,860,215,60,155,9.09,3.44,0,3.44,23,7,2,5,47.73203900000001,13.618054,5.211664,8.406390000000002,209.52,80,2.52,77.48,446.63312527999994,159.99,6.07856,153.91144,1429.2,600,7.4,592.6,44.386,34.4,0,34.4,80.92,60,0.08,59.92,182.76406856,136.18054,0.2268154,135.95372460000002,298,360,38.5
LiCa3MgV3O12,20,12,1,11,66,23,3,20,138.2635,50.9415,6.94,44.0015,670,180,60,120,8.36,3.44,0.98,2.46,16,6,1,5,39.515345961,13.618054,5.391714761,8.226339239000001,240,96,3,93,496.2915,191.988,6.94,185.048,1960,720,145,575,51.46,41.28,0.98,40.300000000000004,96,72,1,71,215.032624361,163.416648,5.391714761,158.024933239,298,330,38.8
NaBa4Al2B8O18Cl3Ce0.09Tb0.11,36.2,18,0.09,17.91,233,65,5,60,548.5986577799999,158.92535,10.81,148.11535,1125,215,60,155,13.190000000000001,3.44,0,3.44,26,7,1,6,62.6226121,13.618054,5.1390767,8.4789773,508.37,224,5.22,218.78,1137.16507478,549.308,12.61044,536.69756,3385.9,1080,16.65,1063.35,95.53080000000001,61.92,0,61.92,168.4,108,0.18,107.82,389.5127755,245.124972,0.498474,244.62649800000003,298,323,38.87
LiScP2O7Cr0.06Yb0.03,11.09,7,0.03,6.97,141,70,3,67,323.909769998,173.045,6.94,166.105,780,175,60,115,9.629999999999999,3.44,0,3.44,23,6,1,5,49.078614761,13.618054,5.391714761,8.226339239000001,113.53999999999999,56,1.44,54.56,234.147547996,111.99300000000001,3.119766,108.87323400000001,938.65,420,5.25,414.75,30.899599999999996,24.08,0,24.08,56.42,42,0.06,41.94,128.84657016100002,95.326378,0.18762479999999998,95.13875320000001,298,450,39
Ca14Zn6Ga9.85O35Mn0.15,65,35,0.15,34.85,114,31,8,23,246.11804399999997,69.723,15.999,53.724,645,180,60,120,9.450000000000001,3.44,1,2.44,30,12,2,10,42.558728,13.618054,5.9993018,7.618752200000001,1049.1,305.34999999999997,3.75,301.59999999999997,2208.3492566,686.7715499999999,8.2407066,678.5308434,6731.5,2520,21,2499,162.36099999999996,120.39999999999999,0.23249999999999998,120.16749999999999,340.6,210,1.05,208.95,678.78948223,476.63189,1.1151027,475.5167873,573,310,39.9
KNaSiF6Mn0.06,9.06,6,0.06,5.94,78,25,9,16,164.109516443,54.938044,18.998403163,35.939640837,700,220,50,170,9.18,3.98,0.82,3.16,20,7,1,6,42.48826124000001,17.42282,4.34066354,13.08215646,99.5,54,1.5,52.5,207.45977089799996,113.990418978,3.29628264,110.69413633799999,818.4,300,8.4,291.6,27.622999999999998,23.88,0.093,23.787,48.42,42,0.42,41.58,122.61438432000001,104.53692000000001,0.44604108,104.09087892000001,298,460,41
Lu3Al4.994O12Mn0.003Mg0.003,20,12,0.003,11.997,129,71,8,63,297.1903825,174.9668,15.999,158.9678,650,175,60,115,8.91,3.44,1,2.44,20,7,2,5,40.1099464,13.618054,5.425871,8.192183,374.033,213,0.036000000000000004,212.964,851.8719324009999,524.9004,0.07291500000000001,524.827485,1870.1200000000001,720,0.42,719.58,52.32892,41.28,0.00393,41.276070000000004,93.009,72,0.006,71.994,209.6324291486,163.416648,0.022302054,163.39434594600002,298,326,41.39
Ca1.97Sb2O7Bi0.03,10.999999999999998,7,0.03,6.97,162,83,8,75,386.8174,208.9804,15.999,192.9814,545,180,60,120,8.39,3.44,1,2.44,18,6,2,4,35.6251142,13.618054,6.1131552,7.504898800000001,199.89000000000001,102,2.4899999999999998,99.51,440.736072,243.52,6.269412,237.25058800000002,1069.3999999999999,420,4.8,415.2,30.206999999999997,24.08,0.056999999999999995,24.023,56.089999999999996,42,0.15,41.85,124.804637224,95.326378,0.21856548,95.10781252000001,298,372,41.97
BaMgSi4O10Eu0.04Mn0.02,16.06,10,0.02,9.98,178,63,8,55,412.618044,151.964,15.999,135.965,860,215,60,155,9.09,3.44,0,3.44,23,7,2,5,47.73203900000001,13.618054,5.211664,8.406390000000002,207.02,80,0.5,79.5,441.13932087999996,159.99,1.09876088,158.89123912000002,1415.2,600,2.8000000000000003,597.2,44.231,34.4,0,34.4,80.22,60,0.08,59.92,182.02066675999998,136.18054,0.14868036,136.03185964000002,298,360,42
BaMgSi4O10Eu0.04Mn0.08,16.119999999999997,10,0.04,9.96,178,63,8,55,412.618044,151.964,15.999,135.965,860,215,60,155,9.09,3.44,0,3.44,23,7,2,5,47.73203900000001,13.618054,5.211664,8.406390000000002,208.52,80,2,78,444.43560352,159.99,4.39504352,155.59495648,1423.6000000000001,600,7.4,592.6,44.324000000000005,34.4,0,34.4,80.64,60,0.08,59.92,182.46670784,136.18054,0.2268154,135.95372460000002,298,360,42
NaBa4Al2B8O18Cl3Ce0.09Tb0.13,36.220000000000006,18,0.09,17.91,233,65,5,60,548.5986577799999,158.92535,10.81,148.11535,1125,215,60,155,13.190000000000001,3.44,0,3.44,26,7,1,6,62.6226121,13.618054,5.1390767,8.4789773,509.67,224,5.22,218.78,1140.34358178,549.308,12.61044,536.69756,3389.4,1080,16.65,1063.35,95.53080000000001,61.92,0,61.92,168.44,108,0.18,107.82,389.6300515,245.124972,0.498474,244.62649800000003,298,323,43.38
Ca14Zn6Ga9.91O35Mn0.09,65,35,0.09,34.91,114,31,8,23,246.11804399999997,69.723,15.999,53.724,645,180,60,120,9.450000000000001,3.44,1,2.44,30,12,2,10,42.558728,13.618054,5.9993018,7.618752200000001,1049.46,307.21,2.25,304.96,2209.2363539600005,690.95493,4.94442396,686.01050604,6730.900000000001,2520,12.6,2507.4,162.3766,120.39999999999999,0.13949999999999999,120.2605,340.36,210,0.63,209.37,678.703399258,476.63189,0.66906162,475.96282838,298,310,43.7
Ca1.2SiO4Eu0.8,7,4,0.8,3.2,105,63,8,55,236.126,151.964,15.999,135.965,535,185,60,125,6.34,3.44,0,3.44,14,6,2,4,33.5532772,13.618054,5.670385,7.947669000000001,120.4,50.400000000000006,14,36.400000000000006,261.74580000000003,121.5712,28.085,93.4862,714,240,110,130,16.86,13.76,0,13.76,32,24,1.6,22.4,74.49599324,54.472216,4.536308,49.935908000000005,298,450,44
LaMgGa10.8O19Cr0.2,32,19,0.2,18.8,132,57,8,49,300.92857,138.90547,15.999,122.90647000000001,675,195,60,135,9.32,3.44,1.1,2.34,20,6,2,4,39.607000799999994,13.618054,5.5769,8.041154,560.5999999999999,334.8,4.800000000000001,330,1230.59909,753.0084,10.39922,742.60918,2917,1404,28,1376,87.64999999999999,65.36,0.332,65.028,152.6,114,1.2000000000000002,112.8,338.11192243999994,258.743026,1.3533020000000002,257.389724,298,410,44.5
Ce2AlO3NDy0.03Eu0.06,7.09,3,0.03,2.97,215,66,7,59,511.5675385,162.5,14.007,148.493,795,185,60,125,10.430000000000001,3.44,0,3.44,20,6,2,4,51.285987399999996,14.53413,5.5386,8.995529999999999,165.76,116,1.98,114.02,383.21037850000005,280.232,4.875,275.357,756.35,370,5.25,364.75,17.2466,10.32,0,10.32,30.18,18,0.06,17.94,72.96965500000002,40.854162,0.17817149999999998,40.675990500000005,298,360,45
Ca14Zn6Ga9.85O35Mn0.15,65,35,0.15,34.85,114,31,8,23,246.11804399999997,69.723,15.999,53.724,645,180,60,120,9.450000000000001,3.44,1,2.44,30,12,2,10,42.558728,13.618054,5.9993018,7.618752200000001,1049.1,305.34999999999997,3.75,301.59999999999997,2208.3492566,686.7715499999999,8.2407066,678.5308434,6731.5,2520,21,2499,162.36099999999996,120.39999999999999,0.23249999999999998,120.16749999999999,340.6,210,1.05,208.95,678.78948223,476.63189,1.1151027,475.5167873,523,310,46.1
Rb3YV2O8,14,8,1,7,107,39,8,31,241.31413999999998,88.90584,15.999,72.90684,610,235,60,175,7.109999999999999,3.44,0.82,2.62,15,6,1,5,30.758629,13.618054,4.177128,9.440926000000001,260,111,39,72,575.1842399999999,256.4034,88.90584,167.49755999999996,1635,705,180,525,34.46,27.52,1.22,26.3,64,48,3,45,141.18545,108.944432,6.21726,102.72717200000001,298,362,47
BaMgSi4O10Eu0.04Mn0.06,16.099999999999998,10,0.04,9.96,178,63,8,55,412.618044,151.964,15.999,135.965,860,215,60,155,9.09,3.44,0,3.44,23,7,2,5,47.73203900000001,13.618054,5.211664,8.406390000000002,208.02,80,1.5,78.5,443.33684264,159.99,3.29628264,156.69371736000002,1420.8000000000002,600,7.4,592.6,44.293000000000006,34.4,0,34.4,80.5,60,0.08,59.92,182.31802747999998,136.18054,0.2268154,135.95372460000002,298,360,47
BaMgSi4O10Eu0.04Mn0.04,16.08,10,0.04,9.96,178,63,8,55,412.618044,151.964,15.999,135.965,860,215,60,155,9.09,3.44,0,3.44,23,7,2,5,47.73203900000001,13.618054,5.211664,8.406390000000002,207.52,80,1,79,442.23808175999994,159.99,2.19752176,157.79247824,1418,600,5.6000000000000005,594.4,44.262,34.4,0,34.4,80.36,60,0.08,59.92,182.16934712,136.18054,0.2268154,135.95372460000002,298,360,47.5
Ca14Zn6Ga9.8O35Mn0.2,65,35,0.2,34.8,114,31,8,23,246.11804399999997,69.723,15.999,53.724,645,180,60,120,9.450000000000001,3.44,1,2.44,30,12,2,10,42.558728,13.618054,5.9993018,7.618752200000001,1048.8,303.8,5,298.8,2207.6100088000003,683.2854000000001,10.9876088,672.2977912000001,6732,2520,28,2492,162.348,120.39999999999999,0.31000000000000005,120.08999999999999,340.79999999999995,210,1.4000000000000001,208.6,678.86121804,476.63189,1.4868036,475.1450864,298,310,48.2
Cs2SiF6Mn0.1075,9.1075,6,0.1075,5.8925,103,55,9,46,234.926899123,132.90545196,18.998403163,113.90704879699999,560,260,50,210,8.22,3.98,0.79,3.19,19,7,1,6,36.902426548,17.42282,3.893905548,13.528914452000002,180.6875,110,2.6875,107.3125,413.79216262799997,265.81090392,5.905839729999999,259.90506418999996,945.05,520,15.049999999999999,504.95,27.526625,23.88,0.166625,23.713375,48.7525,42,0.7525,41.2475,121.27557103100001,104.53692000000001,0.799156935,103.73776306500001,473,460,48.5
Sr1.85MgB2O6Ce0.05Tb0.05,10.950000000000001,6,0.05,5.95,186,65,5,60,437.77535,158.92535,10.81,148.11535,855,200,60,140,8.86,3.44,0,3.44,17,6,2,4,46.6595752,13.618054,5.5386,8.079454000000002,146.45000000000002,70.3,2.9000000000000004,67.39999999999999,318.9680675,162.097,7.005800000000001,155.09120000000001,1068,370,8.75,361.25,27.843500000000002,20.64,0,20.64,47.900000000000006,36,0.1,35.9,117.05622131999999,81.708324,0.27693,81.43139400000001,298,323,48.92
Ca14Zn6Ga9.85O35Mn0.15,65,35,0.15,34.85,114,31,8,23,246.11804399999997,69.723,15.999,53.724,645,180,60,120,9.450000000000001,3.44,1,2.44,30,12,2,10,42.558728,13.618054,5.9993018,7.618752200000001,1049.1,305.34999999999997,3.75,301.59999999999997,2208.3492566,686.7715499999999,8.2407066,678.5308434,6731.5,2520,21,2499,162.36099999999996,120.39999999999999,0.23249999999999998,120.16749999999999,340.6,210,1.05,208.95,678.78948223,476.63189,1.1151027,475.5167873,473,310,49
NaCaPO4Tb0.02Ce0.02,7.039999999999999,4,0.02,3.98,177,65,8,57,409.08188127799997,158.92535,15.999,142.92635,880,185,60,125,8.68,3.44,0,3.44,18,6,1,5,46.759371900000005,13.618054,5.1390767,8.4789773,80.46,32,1.16,30.84,164.01835827800002,63.996,2.8023200000000004,61.19368,707.2,240,3.5,236.5,17.9024,13.76,0,13.76,32.08,24,0.04,23.96,76.43918190000001,54.472216,0.110772,54.361444000000006,298,328,49.1
NaCa0.96PO4Ce0.02Tb0.02,6.999999999999999,4,0.02,3.98,177,65,8,57,409.081881278,158.92535,15.999,142.92635,880,185,60,125,8.68,3.44,0,3.44,18,6,1,5,46.759371900000005,13.618054,5.1390767,8.4789773,79.66,32,1.16,30.84,162.415238278,63.996,2.8023200000000004,61.19368,700,240,3.5,236.5,17.8624,13.76,0,13.76,32,24,0.04,23.96,76.194655692,54.472216,0.110772,54.361444000000006,298,328,49.1
K3ScF6Mn0.0341,10.0341,6,0.0341,5.9659,74,25,9,16,157.99065516299999,54.938044,18.998403163,35.939640837,570,220,50,170,7.71,3.98,0.82,3.16,18,7,1,6,35.758991540000004,17.42282,4.34066354,13.08215646,132.8525,57,0.8524999999999999,56.1475,278.1146142784,117.29490000000001,1.8733873004,115.42151269960002,1124.774,660,4.774,655.226,27.752855,23.88,0.052855,23.827144999999998,48.2387,42,0.2387,41.7613,124.3739006338,104.53692000000001,0.2535000138,104.28341998620002,298,460,50.6
Ca14Zn6Ga9.85O35Mn0.15,65,35,0.15,34.85,114,31,8,23,246.11804399999997,69.723,15.999,53.724,645,180,60,120,9.450000000000001,3.44,1,2.44,30,12,2,10,42.558728,13.618054,5.9993018,7.618752200000001,1049.1,305.34999999999997,3.75,301.59999999999997,2208.3492566,686.7715499999999,8.2407066,678.5308434,6731.5,2520,21,2499,162.36099999999996,120.39999999999999,0.23249999999999998,120.16749999999999,340.6,210,1.05,208.95,678.78948223,476.63189,1.1151027,475.5167873,423,310,51.6
BaMgSi4O10Eu0.04,16.04,10,0.04,9.96,153,63,8,55,357.68,151.964,15.999,135.965,720,215,60,155,7.539999999999999,3.44,0,3.44,16,6,2,4,40.298021000000006,13.618054,5.211664,8.406390000000002,206.52,80,2.52,77.48,440.04055999999997,159.99,6.07856,153.91144,1412.4,600,7.4,592.6,44.2,34.4,0,34.4,80.08,60,0.08,59.92,181.8719864,136.18054,0.2268154,135.95372460000002,298,360,51.7
Ca2Tb7.94Si6O26Eu0.06,42,26,0.06,25.94,170,65,8,57,395.05135,158.92535,15.999,142.92635,710,185,60,125,6.34,3.44,0,3.44,16,6,2,4,39.417077199999994,13.618054,5.670385,7.947669000000001,851.88,516.1,3.78,512.32,1935.6251189999998,1261.867279,9.11784,1252.7494390000002,3980.6,1560,11.1,1548.9,102.84,89.44,0,89.44,200,156,0.12,155.88,462.10460750000004,354.069404,0.34022309999999995,353.7291809,298,238,52
Ca14Zn6Ga9.88O35Mn0.12,65,35,0.12,34.88,114,31,8,23,246.11804399999997,69.723,15.999,53.724,645,180,60,120,9.450000000000001,3.44,1,2.44,30,12,2,10,42.558728,13.618054,5.9993018,7.618752200000001,1049.28,306.28000000000003,3,303.28000000000003,2208.7928052800003,688.86324,6.59256528,682.27067472,6731.2,2520,16.8,2503.2,162.3688,120.39999999999999,0.186,120.21399999999998,340.47999999999996,210,0.84,209.16,678.746440744,476.63189,0.89208216,475.73980784,298,310,52.4
La0.96Lu0.04Al0.998Mg0.001O3Mn0.001,5,3,0.001,2.999,186,71,8,63,436.09585250000003,174.9668,15.999,158.9678,845,195,60,135,10.01,3.44,1,2.44,23,7,2,5,45.6868464,13.618054,5.425871,8.192183,94.57100000000001,54.72,0.012,54.708,215.35174166700003,133.3492512,0.024305,133.3249462,499.23999999999995,187.2,0.14,187.06,13.025640000000001,10.32,0.0013100000000000002,10.31869,23.963,18,0.002,17.998,52.4138979562,40.854162,0.007434018000000001,40.846727982000004,298,337,52.6
La0.97Lu0.03Al0.998Mg0.001O3Mn0.001,5,3,0.001,2.999,186,71,8,63,436.09585250000003,174.9668,15.999,158.9678,845,195,60,135,10.01,3.44,1,2.44,23,7,2,5,45.6868464,13.618054,5.425871,8.192183,94.43100000000001,55.29,0.012,55.278,214.99112836700002,134.7383059,0.024305,134.7140009,499.43999999999994,189.15,0.14,189.01000000000002,13.02664,10.32,0.0013100000000000002,10.31869,23.973000000000003,18,0.002,17.998,52.4154082462,40.854162,0.007434018000000001,40.846727982000004,298,337,52.8
Ca14Zn6Ga9.85O35Mn0.15,65,35,0.15,34.85,114,31,8,23,246.11804399999997,69.723,15.999,53.724,645,180,60,120,9.450000000000001,3.44,1,2.44,30,12,2,10,42.558728,13.618054,5.9993018,7.618752200000001,1049.1,305.34999999999997,3.75,301.59999999999997,2208.3492566,686.7715499999999,8.2407066,678.5308434,6731.5,2520,21,2499,162.36099999999996,120.39999999999999,0.23249999999999998,120.16749999999999,340.6,210,1.05,208.95,678.78948223,476.63189,1.1151027,475.5167873,373,310,53.4
LiGd0.2W2O8Eu0.8,12,8,0.2,7.8,212,74,3,71,515.9929999999999,183.84,6.94,176.9,705,185,60,125,7.32,3.44,0,3.44,17,6,1,5,38.693979760999994,13.618054,5.391714761,8.226339239000001,278.20000000000005,148,3,145,655.6332,367.68,6.94,360.74,1079,480,36,444,32.14,27.52,0,27.52,63,48,0.4,47.6,135.830473961,108.944432,1.2299592000000001,107.71447280000001,298,395,54
Ca0.98Li0.01AlSiN3Ce0.01,6,3,0.01,2.99,115,58,3,55,256.20753850000006,140.116,6.94,133.17600000000002,810,185,65,120,9.650000000000002,3.04,0.98,2.06,17,5,1,4,45.715051361,14.53413,5.391714761,9.142415238999998,68.21,21,0.03,20.97,137.8345385,42.021,0.0694,41.9516,609.7,195,1.45,193.55,13.631000000000002,9.120000000000001,0.0098,9.1102,23.99,15,0.01,14.99,63.84003664361,43.60239,0.05391714761,43.54847285239,298,460,54
LaAl0.998Mg0.001O3Mn0.001,5,3,0.001,2.999,115,57,8,49,261.1290525,138.90547,15.999,122.90647000000001,670,195,60,135,9.01,3.44,1.1,2.34,21,7,2,5,40.2609754,13.618054,5.5769,8.041154,94.01100000000001,57,0.012,56.988,213.90928846700004,138.90547,0.024305,138.881165,500.03999999999996,195,0.14,194.86,13.02964,10.32,0.0013100000000000002,10.31869,24.003,18,0.002,17.998,52.4199391162,40.854162,0.007434018000000001,40.846727982000004,298,337,54.9
Ca14Zn6Ga9.85O35Mn0.15,65,35,0.15,34.85,114,31,8,23,246.11804399999997,69.723,15.999,53.724,645,180,60,120,9.450000000000001,3.44,1,2.44,30,12,2,10,42.558728,13.618054,5.9993018,7.618752200000001,1049.1,305.34999999999997,3.75,301.59999999999997,2208.3492566,686.7715499999999,8.2407066,678.5308434,6731.5,2520,21,2499,162.36099999999996,120.39999999999999,0.23249999999999998,120.16749999999999,340.6,210,1.05,208.95,678.78948223,476.63189,1.1151027,475.5167873,323,310,55.4
Ca0.98AlSiN3Ce0.01Li0.01,6,3,0.01,2.99,115,58,3,55,256.20753850000006,140.116,6.94,133.17600000000002,810,185,65,120,9.65,3.04,0.98,2.06,17,5,1,4,45.715051361,14.53413,5.391714761,9.142415238999998,68.21,21,0.03,20.97,137.83453850000004,42.021,0.0694,41.9516,609.7,195,1.45,193.55,13.631000000000002,9.120000000000001,0.0098,9.1102,23.990000000000002,15,0.01,14.99,63.84003664361,43.60239,0.05391714761,43.54847285239,298,460,56
Ca14Zn6Ga9.85O35Mn0.15,65,35,0.15,34.85,114,31,8,23,246.11804399999997,69.723,15.999,53.724,645,180,60,120,9.450000000000001,3.44,1,2.44,30,12,2,10,42.558728,13.618054,5.9993018,7.618752200000001,1049.1,305.34999999999997,3.75,301.59999999999997,2208.3492566,686.7715499999999,8.2407066,678.5308434,6731.5,2520,21,2499,162.36099999999996,120.39999999999999,0.23249999999999998,120.16749999999999,340.6,210,1.05,208.95,678.78948223,476.63189,1.1151027,475.5167873,298,310,56.2
Sr3Lu0.97P3O12Sm0.03,19,12,0.03,11.97,194,71,8,63,459.91956199800006,174.9668,15.999,158.9678,720,200,60,140,8.75,3.44,0.95,2.49,17,6,2,4,40.869188199999996,13.618054,5.425871,8.192183,325.73,114,1.8599999999999999,112.14,721.997881994,262.86,4.510800000000001,258.3492,1795.3,720,5.55,714.45,51.7051,41.28,0.0351,41.2449,95,72,0.06,71.94,217.39371377000003,163.416648,0.16931129999999997,163.2473367,298,403,56.3
La0.99Lu0.01Al0.998Mg0.001O3Mn0.001,5,3,0.001,2.999,186,71,8,63,436.09585250000003,174.9668,15.999,158.9678,845,195,60,135,10.01,3.44,1,2.44,23,7,2,5,45.6868464,13.618054,5.425871,8.192183,94.15100000000001,56.43,0.012,56.418,214.26990176700005,137.5164153,0.024305,137.4921103,499.84,193.05,0.14,192.91000000000003,13.028640000000001,10.32,0.0013100000000000002,10.31869,23.993000000000002,18,0.002,17.998,52.4184288262,40.854162,0.007434018000000001,40.846727982000004,298,337,56.5
Mg3P2O8Eu0.04Mn0.09,13.129999999999999,8,0.04,7.96,123,63,8,55,278.179805998,151.964,15.999,135.965,635,185,60,125,8.49,3.44,0,3.44,22,7,2,5,44.855378,13.618054,5.670385,7.947669000000001,134.77,64,2.25,61.75,273.877507956,127.992,4.94442396,123.04757604000001,1150,480,7.4,472.6,35.9695,27.52,0,27.52,64.71,48,0.08,47.92,153.75238602000002,108.944432,0.2268154,108.7176166,298,378,58.57
Y2Mo4O15Eu0.75,21.75,15,0.75,14.25,152,63,8,55,352.81884,151.964,15.999,135.965,570,185,60,125,6.82,3.44,0,3.44,17,6,2,4,32.598129,13.618054,5.670385,7.947669000000001,413.25,168,47.25,120.75,915.56968,383.8,113.973,269.827,1978.75,900,138.75,761.25,62.68,51.6,0,51.6,121.5,90,1.5,88.5,249.32783875,204.27081,4.25278875,200.01802125,298,393.5,59
Ba2Y2.95B5O17Ce0.01Tb0.4,27.36,17,0.01,16.99,231,65,5,60,552.0831900000001,158.92535,10.81,148.11535,900,215,60,155,8.71,3.44,0,3.44,18,6,2,4,44.747397,13.618054,5.211664,8.406390000000002,414.63,136,0.58,135.42,927.930528,274.654,1.4011600000000002,273.25284,2477.85,1020,1.85,1018.15,74.0702,58.48,0,58.48,130.67000000000002,102,0.02,101.98,304.162164,231.506918,0.055386,231.45153200000001,298,345,59
Ca2LuHf2Al3O12Ce0.02,20.02,12,0.02,11.98,242,72,8,64,576.6313385000001,178.49,15.999,162.491,880,185,60,125,9.469999999999999,3.44,1,2.44,19,6,2,4,43.50651860000001,13.618054,5.425871,8.192183,391.16,144,1.16,142.84,887.8377355,356.98,2.8023200000000004,354.17768,1943.7,720,3.7,716.3,51.7324,41.28,0.022400000000000003,41.257600000000004,95.04,72,0.04,71.96,212.7870466,163.416648,0.110772,163.305876,298,408,59.4
La1.97MgGe0.992O6Dy0.03Mn0.008,9.999999999999998,6,0.008,5.992,200,66,8,58,469.277514,162.5,15.999,146.501,845,195,60,135,10.63,3.44,1.1,2.34,24,7,2,5,48.113692,13.618054,5.5769,8.041154,206.21399999999997,112.28999999999999,0.2,112.08999999999999,471.30624025200007,273.64377590000004,0.439504352,273.20427154800007,1024.52,384.15,1.12,383.03,26.15992,20.64,0.012400000000000001,20.6276,47.994,36,0.056,35.944,108.41493516400001,81.708324,0.059472144000000005,81.64885185600001,298,350,60.3
Sr1.98Si5N8Eu0.04,15.02,8,0.04,7.96,122,63,7,56,281.67600000000004,151.964,14.007,137.957,560,200,65,135,5.89,3.04,0,3.04,13,5,2,3,34.0510652,14.53413,5.670385,8.863745,203.76000000000002,75.24,2.52,72.72,432.04715999999996,173.48760000000001,6.07856,167.40904,1473.4,550,7.4,542.6,35.701,24.32,0,24.32,64.04,40,0.08,39.92,168.534107456,116.27304,0.2268154,116.04622459999999,298,460,61
Ca2PO4ClEu0.11,8.11,4,0.11,3.89,123,63,8,55,274.464761998,151.964,15.999,135.965,625,185,60,125,9.79,3.44,0,3.44,22,7,2,5,48.8559102,13.618054,5.670385,7.947669000000001,110.93,40,6.93,33.07,227.291801998,80.156,16.71604,63.439960000000006,820.35,360,20.35,339.65,21.11,13.76,0,13.76,40.22,24,0.22,23.78,90.77658475000001,54.472216,0.62374235,53.84847365,298,400,61
NaSrBO3Ce0.01,6.01,3,0.01,2.99,120,58,5,53,277.53476928000003,140.116,10.81,129.306,710,200,60,140,8.48,3.44,0.93,2.51,14,6,1,5,38.28861690000001,13.618054,5.1390767,8.4789773,78.58,38,0.58,37.42,170.81792928000002,87.62,1.4011600000000002,86.21884,646.85,200,1.85,198.15,14.2512,10.32,0.011200000000000002,10.3088,24.02,18,0.02,17.98,60.041510900000006,40.854162,0.055386,40.798776000000004,298,355,61.6
Y2Mo4O15Eu0.1,21.1,15,0.1,14.9,152,63,8,55,352.81884,151.964,15.999,135.965,570,185,60,125,6.82,3.44,0,3.44,17,6,2,4,32.598129,13.618054,5.670385,7.947669000000001,372.3,168,6.300000000000001,161.7,816.79308,383.8,15.1964,368.60360000000003,1858.5,900,18.5,881.5,62.68,51.6,0,51.6,120.2,90,0.2,89.8,245.6420885,204.27081,0.5670385,203.70377150000002,298,393.5,62
La0.98Lu0.02Al0.998Mg0.001O3Mn0.001,5,3,0.001,2.999,186,71,8,63,436.09585250000003,174.9668,15.999,158.9678,845,195,60,135,10.01,3.44,1,2.44,23,7,2,5,45.6868464,13.618054,5.425871,8.192183,94.29100000000001,55.86,0.012,55.848,214.630515067,136.1273606,0.024305,136.1030556,499.64,191.1,0.14,190.96,13.02764,10.32,0.0013100000000000002,10.31869,23.983,18,0.002,17.998,52.4169185362,40.854162,0.007434018000000001,40.846727982000004,298,337,62.1
Na0.34Ca0.66Al1.66Si2.34O8Eu0.07,13.07,8,0.07,7.93,129,63,8,55,286.09730778,151.964,15.999,135.965,840,185,60,125,8.879999999999999,3.44,0,3.44,18,6,1,5,44.6781223,13.618054,5.1390767,8.4789773,139.69,64,3.74,60.26,283.4057354652,127.992,7.8165215552000005,120.1754784448,1137.8500000000001,480,12.950000000000001,467.05,35.6148,27.52,0,27.52,64.14,48,0.14,47.86,144.134641224,108.944432,0.39692695,108.54750505000001,298,365,68
Cs2SiF6Mn0.1075,9.1075,6,0.1075,5.8925,103,55,9,46,234.926899123,132.90545196,18.998403163,113.90704879699999,560,260,50,210,8.22,3.98,0.79,3.19,19,7,1,6,36.902426548,17.42282,3.893905548,13.528914452000002,180.6875,110,2.6875,107.3125,413.79216262799997,265.81090392,5.905839729999999,259.90506418999996,945.05,520,15.049999999999999,504.95,27.526625,23.88,0.166625,23.713375,48.7525,42,0.7525,41.2475,121.27557103100001,104.53692000000001,0.799156935,103.73776306500001,423,460,68.58
Ba2Y5B5O17Ce0.25,29.25,17,0.25,16.75,166,58,5,53,393.15784,140.116,10.81,129.306,725,215,60,155,8.71,3.44,0.89,2.55,16,6,2,4,38.883597,13.618054,5.211664,8.406390000000002,482.5,195,14.5,180.5,1080.2451999999998,444.5292,35.029,409.5002,2821.25,1020,46.25,973.75,76.84,58.48,0.28,58.199999999999996,136.5,102,0.5,101.5,315.891291,231.506918,1.38465,230.12226800000002,298,363,70
Sr0.8Ca0.2AlSiN3Eu0.008,6.008,3,0.008,2.992,155,63,7,56,348.7355385,151.964,14.007,137.957,865,200,65,135,8.5,3.04,0,3.04,18,5,2,3,46.1499888,14.53413,5.670385,8.863745,82.90400000000001,30.400000000000002,0.504,29.896,176.4148505,70.096,1.215712,68.88028800000001,627.48,195,1.48,193.52,13.590000000000002,9.120000000000001,0,9.120000000000001,24.016,15,0.016,14.984,63.563729280000004,43.60239,0.04536308,43.55702692,298,455,70
Cs2SiF6Mn0.1075,9.1075,6,0.1075,5.8925,103,55,9,46,234.926899123,132.90545196,18.998403163,113.90704879699999,560,260,50,210,8.22,3.98,0.79,3.19,19,7,1,6,36.902426548,17.42282,3.893905548,13.528914452000002,180.6875,110,2.6875,107.3125,413.79216262799997,265.81090392,5.905839729999999,259.90506418999996,945.05,520,15.049999999999999,504.95,27.526625,23.88,0.166625,23.713375,48.7525,42,0.7525,41.2475,121.27557103100001,104.53692000000001,0.799156935,103.73776306500001,296,460,71.34
Cs2SiF6Mn0.1075,9.1075,6,0.1075,5.8925,103,55,9,46,234.926899123,132.90545196,18.998403163,113.90704879699999,560,260,50,210,8.22,3.98,0.79,3.19,19,7,1,6,36.902426548,17.42282,3.893905548,13.528914452000002,180.6875,110,2.6875,107.3125,413.79216262799997,265.81090392,5.905839729999999,259.90506418999996,945.05,520,15.049999999999999,504.95,27.526625,23.88,0.166625,23.713375,48.7525,42,0.7525,41.2475,121.27557103100001,104.53692000000001,0.799156935,103.73776306500001,373,460,71.41
Cs2SiF6Mn0.1075,9.1075,6,0.1075,5.8925,103,55,9,46,234.926899123,132.90545196,18.998403163,113.90704879699999,560,260,50,210,8.22,3.98,0.79,3.19,19,7,1,6,36.902426548,17.42282,3.893905548,13.528914452000002,180.6875,110,2.6875,107.3125,413.79216262799997,265.81090392,5.905839729999999,259.90506418999996,945.05,520,15.049999999999999,504.95,27.526625,23.88,0.166625,23.713375,48.7525,42,0.7525,41.2475,121.27557103100001,104.53692000000001,0.799156935,103.73776306500001,323,460,71.67
Y2Mo4O15Eu0.25,21.25,15,0.25,14.75,152,63,8,55,352.81884,151.964,15.999,135.965,570,185,60,125,6.82,3.44,0,3.44,17,6,2,4,32.598129,13.618054,5.670385,7.947669000000001,381.75,168,15.75,152.25,839.58768,383.8,37.991,345.809,1886.25,900,46.25,853.75,62.68,51.6,0,51.6,120.5,90,0.5,89.5,246.49264625,204.27081,1.41759625,202.85321375,298,393.5,73
Ba2Y3.75Lu1.25B5O17Ce0.25,29.25,17,0.25,16.75,237,71,5,66,568.1246400000001,174.9668,10.81,164.1568,900,215,60,155,9.71,3.44,0.89,2.55,18,6,2,4,44.309468,13.618054,5.211664,8.406390000000002,522.5,146.25,14.5,131.75,1187.8213999999998,333.3969,35.029,298.3679,2815,1020,46.25,973.75,76.565,58.48,0.28,58.199999999999996,135.25,102,0.5,101.5,314.90205475000005,231.506918,1.38465,230.12226800000002,298,363,73
NaCaPO4Tb0.06Ce0.02,7.079999999999999,4,0.02,3.98,177,65,8,57,409.08188127799997,158.92535,15.999,142.92635,880,185,60,125,8.68,3.44,0,3.44,18,6,1,5,46.759371900000005,13.618054,5.1390767,8.4789773,83.06,32,1.16,30.84,170.37537227800001,63.996,2.8023200000000004,61.19368,714.2,240,3.7,236.3,17.9024,13.76,0,13.76,32.16,24,0.04,23.96,76.6737339,54.472216,0.110772,54.361444000000006,298,328,74.7
NaCa0.92PO4Ce0.02Tb0.06,6.999999999999999,4,0.02,3.98,177,65,8,57,409.081881278,158.92535,15.999,142.92635,880,185,60,125,8.68,3.44,0,3.44,18,6,1,5,46.759371900000005,13.618054,5.1390767,8.4789773,81.46000000000001,32,1.16,30.84,167.169132278,63.996,2.8023200000000004,61.19368,699.8000000000001,240,3.7,236.3,17.822400000000002,13.76,0,13.76,32,24,0.04,23.96,76.184681484,54.472216,0.110772,54.361444000000006,298,328,74.7
NaCaPO4Tb0.04Ce0.02,7.06,4,0.02,3.98,177,65,8,57,409.08188127799997,158.92535,15.999,142.92635,880,185,60,125,8.68,3.44,0,3.44,18,6,1,5,46.759371900000005,13.618054,5.1390767,8.4789773,81.75999999999999,32,1.16,30.84,167.19686527800002,63.996,2.8023200000000004,61.19368,710.7,240,3.7,236.3,17.9024,13.76,0,13.76,32.12,24,0.04,23.96,76.5564579,54.472216,0.110772,54.361444000000006,298,328,76.2
NaCa0.94PO4Ce0.02Tb0.04,6.999999999999999,4,0.02,3.98,177,65,8,57,409.081881278,158.92535,15.999,142.92635,880,185,60,125,8.68,3.44,0,3.44,18,6,1,5,46.759371900000005,13.618054,5.1390767,8.4789773,80.55999999999999,32,1.16,30.84,164.792185278,63.996,2.8023200000000004,61.19368,699.9000000000001,240,3.7,236.3,17.8424,13.76,0,13.76,31.999999999999996,24,0.04,23.96,76.189668588,54.472216,0.110772,54.361444000000006,298,328,76.2
Y2Mo4O15Eu0.5,21.5,15,0.5,14.5,152,63,8,55,352.81884,151.964,15.999,135.965,570,185,60,125,6.82,3.44,0,3.44,17,6,2,4,32.598129,13.618054,5.670385,7.947669000000001,397.5,168,31.5,136.5,877.57868,383.8,75.982,307.818,1932.5,900,92.5,807.5,62.68,51.6,0,51.6,121,90,1,89,247.9102425,204.27081,2.8351925,201.4356175,298,393.5,77
Ba2Lu5B5O17Ce0.25,29.25,17,0.25,16.75,198,71,5,66,479.2188000000001,174.9668,10.81,164.1568,720,215,60,155,8.49,3.44,0.89,2.55,15,6,2,4,38.092208,13.618054,5.211664,8.406390000000002,642.5,355,14.5,340.5,1510.55,874.8340000000001,35.029,839.8050000000001,2796.25,1020,46.25,973.75,75.74,58.48,0.28,58.199999999999996,131.5,102,0.5,101.5,311.93434600000006,231.506918,1.38465,230.12226800000002,298,363,87
Ba2Y2.5Lu2.5B5O17Ce0.25,29.25,17,0.25,16.75,237,71,5,66,568.1246400000001,174.9668,10.81,164.1568,900,215,60,155,9.71,3.44,0.89,2.55,18,6,2,4,44.309468,13.618054,5.211664,8.406390000000002,562.5,177.5,14.5,163,1295.3976,437.41700000000003,35.029,402.38800000000003,2808.75,1020,46.25,973.75,76.28999999999999,58.48,0.28,58.199999999999996,134,102,0.5,101.5,313.9128185,231.506918,1.38465,230.12226800000002,298,363,88
Ba2Y1.25Lu3.75B5O17Ce0.25,29.25,17,0.25,16.75,237,71,5,66,568.1246400000001,174.9668,10.81,164.1568,900,215,60,155,9.71,3.44,0.89,2.55,18,6,2,4,44.309468,13.618054,5.211664,8.406390000000002,602.5,266.25,14.5,251.75,1402.9737999999998,656.1255,35.029,621.0965,2802.5,1020,46.25,973.75,76.015,58.48,0.28,58.199999999999996,132.75,102,0.5,101.5,312.92358225000004,231.506918,1.38465,230.12226800000002,298,363,90
Ba2Y4.95B5O17Ce0.01,28.96,17,0.01,16.99,166,58,5,53,393.15784,140.116,10.81,129.306,725,215,60,155,8.71,3.44,0.89,2.55,16,6,2,4,38.883597,13.618054,5.211664,8.406390000000002,466.63,193.05,0.58,192.47,1042.1720679999999,440.083908,1.4011600000000002,438.682748,2767.85,1020,1.85,1018.15,76.5102,58.48,0.011200000000000002,58.468799999999995,135.87,102,0.02,101.98,314.251164,231.506918,0.055386,231.45153200000001,298,345,90